name,url,query,path
a view of a lake and a small cabin in the middle of a field,https://unsplash.com/photos/a-view-of-a-lake-and-a-small-cabin-in-the-middle-of-a-field-O50EmGrhjvk,природа,full/92f77c61fe847485621dd505d2d2a5efb5323e12.jpg
a group of red and white tulips in a garden,https://unsplash.com/photos/a-group-of-red-and-white-tulips-in-a-garden-G95yeZ9BAM8,природа,full/45dbdac29c0045c488814cd7b255470bb5d15524.jpg
a bunch of white and red flowers in a vase,https://unsplash.com/photos/a-bunch-of-white-and-red-flowers-in-a-vase--SGXTjp1nso,природа,full/3b55cad3b2ff781d486e0d74bef461187c05264b.jpg
a snow covered forest filled with lots of trees,https://unsplash.com/photos/a-snow-covered-forest-filled-with-lots-of-trees-5oRblQKJt3g,природа,full/d00f1569e2dfaee89282a70cfe715592cc6a553a.jpg
a bunch of leaves that are on a tree,https://unsplash.com/photos/a-bunch-of-leaves-that-are-on-a-tree-HdPZsmEoO4o,природа,full/51f8c2eaf47a01ac1af7ae8bbf4a08b30d294668.jpg
a couple of flowers that are in the grass,https://unsplash.com/photos/a-couple-of-flowers-that-are-in-the-grass-SVFFOcg2p8s,природа,full/cd65abeaf1f34efc3fbb902b600a3864e82344d5.jpg
a yard with a lot of plants and a house in the background,https://unsplash.com/photos/a-yard-with-a-lot-of-plants-and-a-house-in-the-background-ywuKfkVCw_M,природа,full/2d7b851e50d2acd478e7b75d54bfb473bf981c20.jpg
a dragonfly sitting on top of a plant in a field,https://unsplash.com/photos/a-dragonfly-sitting-on-top-of-a-plant-in-a-field-Ky1fLql8x0w,природа,full/c123ae9915fa7dc8dc2e5eb7a7a18113f2ef6fa5.jpg
a lake in the middle of a mountain range,https://unsplash.com/photos/a-lake-in-the-middle-of-a-mountain-range-CEAMzbCeatw,природа,full/a65da7d6ab89d061bf21487e9fd68ecb911432ae.jpg
a body of water with trees around it,https://unsplash.com/photos/a-body-of-water-with-trees-around-it-6HzrRO1htKk,природа,full/d25c050ac97cc3e3bc1c063eb0dce5af96ea7685.jpg
a white van driving down a road next to a lush green field,https://unsplash.com/photos/a-white-van-driving-down-a-road-next-to-a-lush-green-field-Rmi65gHRQgQ,природа,full/d9acbdb44a878e5db5cde018c8f3a543f91184d8.jpg
a cell phone laying on top of a cracked ground,https://unsplash.com/photos/a-cell-phone-laying-on-top-of-a-cracked-ground-Y3P2RRWj7MU,природа,full/ba659a4c6ba12a9f29d2fcea23da05d936f5c62d.jpg
a small wooden cabin on a grassy hill,https://unsplash.com/photos/a-small-wooden-cabin-on-a-grassy-hill-x5F_8NXfP6E,природа,full/949651c4f2ba5ce23072a086a86537967e0e729f.jpg
a close up of a plant with berries on it,https://unsplash.com/photos/a-close-up-of-a-plant-with-berries-on-it-sJ7GoPmJaTk,природа,full/a9ef6a6a27491bc0203a9bc940485ad9a8c9ef78.jpg
a close up of a pink flower on a branch,https://unsplash.com/photos/a-close-up-of-a-pink-flower-on-a-branch-wnG1T7-OTm4,природа,full/0b6e0b59bc5c596ebc04d4897841f68b24a60aaa.jpg
a close up of some berries,https://unsplash.com/photos/a-close-up-of-some-berries-_u1Ly1DMRgM,природа,full/8ecad24c9e519a31d2c180175a56f22db99770a2.jpg
a view of a mountain range from a high point of view,https://unsplash.com/photos/a-view-of-a-mountain-range-from-a-high-point-of-view--e_Hyc_E3E0,природа,full/2405280a0531d95ab6144c6d1d446e15e36989cf.jpg
a brick building with two windows and a clock tower,https://unsplash.com/photos/a-brick-building-with-two-windows-and-a-clock-tower-SyKVB8EFvOY,природа,full/f74479f79eff23e72db28522c27593e5525a18fa.jpg
a herd of sheep grazing on a lush green hillside,https://unsplash.com/photos/a-herd-of-sheep-grazing-on-a-lush-green-hillside-x2xZpIMSQK0,природа,full/951aad05754c9fcb4bd601d507474ebb0c92a79d.jpg
